<?xml version="1.0" encoding="utf-8" ?>

<component name="rowlistItem" extends="Group">

<interface>
  <field id="itemContent" type="node" onChange="itemContentChanged"/>
</interface>

<script type="text/brightscript" >
<![CDATA[

  function init() as void
    m.itemImage = m.top.findNode("itemImage")
  end function

  function itemContentChanged() as void
    itemData = m.top.itemContent
    m.itemImage.uri = itemData.posterUrl
  end function


]]>
</script>

<children>
   <Poster id="itemImage" translation="[0,0]" width="325" height="225" />
</children>

</component>
